{"name":"d5d53132-0cf6-450b-896f-aee905486276","id":"/providers/Microsoft.Flow/flows/d5d53132-0cf6-450b-896f-aee905486276","type":"Microsoft.Flow/flows","properties":{"apiId":"/providers/Microsoft.PowerApps/apis/shared_logicflows","displayName":"ExportFile","definition":{"metadata":{"workflowEntityId":null,"processAdvisorMetadata":null,"flowChargedByPaygo":null,"flowclientsuspensionreason":"None","flowclientsuspensiontime":null,"flowclientsuspensionreasondetails":null,"creator":{"id":"8ef215c0-ebbf-474c-a99d-b32634775a1f","type":"User","tenantId":"ac8a1c7d-f463-4ce3-9fa6-9643ab6c36bb"},"provisioningMethod":"FromDefinition","failureAlertSubscription":true,"clientLastModifiedTime":"2023-09-25T01:30:46.0528Z"},"$schema":"https://schema.management.azure.com/providers/Microsoft.Logic/schemas/2016-06-01/workflowdefinition.json#","contentVersion":"1.0.0.0","parameters":{"$connections":{"defaultValue":{},"type":"Object"},"$authentication":{"defaultValue":{},"type":"SecureObject"}},"triggers":{"manual":{"metadata":{"operationMetadataId":"222f8758-4147-4222-b399-cf15ce4ea455"},"type":"Request","kind":"PowerAppV2","inputs":{"schema":{"type":"object","properties":{"text":{"title":"Input","type":"string","x-ms-dynamically-added":true,"description":"Please enter your input","x-ms-content-hint":"TEXT"},"text_1":{"title":"Filename","type":"string","x-ms-dynamically-added":true,"description":"Please enter your input","x-ms-content-hint":"TEXT"}},"required":["text","text_1"]}}}},"actions":{"Create_file":{"runAfter":{"Create_CSV_table":["Succeeded"]},"metadata":{"operationMetadataId":"7dc3781c-4dbc-4abf-ac09-3fd77622b73b"},"type":"OpenApiConnection","inputs":{"host":{"apiId":"/providers/Microsoft.PowerApps/apis/shared_onedriveforbusiness","connectionName":"shared_onedriveforbusiness","operationId":"CreateFile"},"parameters":{"folderPath":"/","name":"Export-@{triggerBody()['text_1']}-@{utcNow()}.csv","body":"@body('Create_CSV_table')"},"authentication":{"value":"@json(decodeBase64(triggerOutputs().headers['X-MS-APIM-Tokens']))['$ConnectionKey']","type":"Raw"}},"runtimeConfiguration":{"contentTransfer":{"transferMode":"Chunked"}}},"Respond_to_a_PowerApp_or_flow":{"runAfter":{"Create_file":["Succeeded"]},"metadata":{"operationMetadataId":"2565d3eb-a50a-4aca-ad63-ba66ae0d8998"},"type":"Response","kind":"PowerApp","inputs":{"statusCode":200,"body":{"done":"File Exported"},"schema":{"type":"object","properties":{"done":{"title":"Done","x-ms-dynamically-added":true,"type":"string"}}}}},"Create_CSV_table":{"runAfter":{},"metadata":{"operationMetadataId":"81b2400e-3d06-44b5-8ba6-a1c6b6061e9c"},"type":"Table","inputs":{"from":"@json(triggerBody()['text'])","format":"CSV"}}}},"connectionReferences":{"shared_onedriveforbusiness":{"connectionName":"shared-onedriveforbu-fbd6c075-68b3-45ba-b766-d294-fffb3f2e","source":"Invoker","id":"/providers/Microsoft.PowerApps/apis/shared_onedriveforbusiness","tier":"NotSpecified"}},"flowFailureAlertSubscribed":false,"isManaged":false}}