{"schemaVersion":"1.0","appDefinitionTemplate":{"id":"/providers/Microsoft.PowerApps/apps/","type":"Microsoft.PowerApps/apps","tags":{"primaryDeviceWidth":"1366","primaryDeviceHeight":"768","supportsPortrait":"true","supportsLandscape":"true","primaryFormFactor":"Tablet","publisherVersion":"3.22105.21","minimumRequiredApiVersion":"2.2.0","hasComponent":"false","hasUnlockedComponent":"false","isUnifiedRootApp":"false","sienaVersion":"20221130T175314Z-3.22105.21.0"},"properties":{"appVersion":"2022-11-30T17:53:14Z","lifeCycleId":"Published","createdByClientVersion":{"major":3,"minor":22105,"build":21,"revision":0,"majorRevision":0,"minorRevision":0},"minClientVersion":{"major":3,"minor":22105,"build":21,"revision":0,"majorRevision":0,"minorRevision":0},"backgroundColor":"RGBA(0,176,240,1)","backgroundImageUri":"/4295872111981031404/N49822f2a-e869-4487-bea8-e2d1031766b9-logoSmallFile","displayName":"DefaultViewer_V2","description":"Allow Users to view Apps and Flows in the default environment based on AAD Department Field","commitMessage":"","appUris":{"documentUri":{"value":"/4295872111981031404/N6bf49a9c-8795-497d-b914-fc0e89484979-document.msapp"},"imageUris":[],"additionalUris":[]},"createdTime":"0001-01-01T00:00:00Z","lastModifiedTime":"0001-01-01T00:00:00Z","sharedGroupsCount":0,"sharedUsersCount":0,"icons":{"smallIconUri":"/4295872111981031404/Nd2979b4e-6cee-4446-a367-7d648afddf32-small.png","mediumIconUri":"/4295872111981031404/Nf835b51c-ff44-4667-af6e-00d6b3e4ca00-medium.png","largeIconUri":"/4295872111981031404/N2386e0e8-afc5-454f-95bc-f8618c916266-large.png","wideIconUri":"/4295872111981031404/N85ef2d8f-57bb-4524-bafa-b9f6a0c0196f-wide.png"},"connectionReferences":{"434fe31f-3dbd-4284-9e52-1e9f456a2623":{"id":"360dc2f6-cfb5-4c4b-a21c-629501fe633c","displayName":"Office 365 Users","iconUri":"https://connectoricons-prod.azureedge.net/releases/v1.0.1593/1.0.1593.2980/office365users/icon.png","dataSources":["Office365Users"],"dependencies":[],"dependents":[],"parameterHints":{},"parameterHintsV2":{},"isOnPremiseConnection":false,"bypassConsent":false,"dataSets":{},"apiTier":"Standard","isCustomApiConnection":false,"actions":["MyProfile_V2"]}},"databaseReferences":{"default.cds":{"databaseDetails":{"referenceType":"Environmental","environmentName":"default.cds","overrideValues":{"status":"NotSpecified"}},"dataSources":{"Flows":{"entitySetName":"admin_flows","logicalName":"admin_flow"},"Makers":{"entitySetName":"admin_makers","logicalName":"admin_maker"},"PowerApps Apps":{"entitySetName":"admin_apps","logicalName":"admin_app"},"AAD Users":{"entitySetName":"aadusers","logicalName":"aaduser"}},"actions":["providers/PowerPlatform.Governance/Operations/Read"]}},"almMode":"Environment","performanceOptimizationEnabled":false,"canConsumeAppPass":true,"enableModernRuntimeMode":false,"executionRestrictions":{"isTeamsOnly":false,"dataLossPreventionEvaluationResult":{"status":"Compliant","lastEvaluationDate":"2022-06-03T17:07:37.5712051Z","violations":[],"violationsByPolicy":[],"violationErrorMessage":"The app uses the following connectors: shared_office365users, shared_commondataservice."}}},"appType":"ClassicCanvasApp","appComponents":[]}}