{"schemaVersion":"1.0","appDefinitionTemplate":{"id":"/providers/Microsoft.PowerApps/apps/","type":"Microsoft.PowerApps/apps","tags":{"primaryDeviceWidth":"1366","primaryDeviceHeight":"768","supportsPortrait":"true","supportsLandscape":"true","primaryFormFactor":"Tablet","showStatusBar":"false","publisherVersion":"3.23091.14","minimumRequiredApiVersion":"2.2.0","hasComponent":"false","hasUnlockedComponent":"false","isUnifiedRootApp":"false","sienaVersion":"20230925T181549Z-3.23091.14.0"},"properties":{"appVersion":"2023-09-25T18:15:49Z","lifeCycleId":"Published","createdByClientVersion":{"major":3,"minor":23091,"build":14,"revision":0,"majorRevision":0,"minorRevision":0},"minClientVersion":{"major":3,"minor":23091,"build":14,"revision":0,"majorRevision":0,"minorRevision":0},"backgroundColor":"rgba(0, 176, 240, 1)","backgroundImageUri":"/11078374029518430709/N3439d6b3-72a0-42c2-9ebf-0665b1c643fe-logoSmallFile","displayName":"Default Viewer V4","description":"This app allows users to view a list of Power Apps and Power Automates located in the default environment. The data is filtered based on the department associated with the logged-in user","commitMessage":"","appUris":{"documentUri":{"value":"/11078374029518430709/N965fba06-c7b8-4577-8631-3a183dc8f5d9-document.msapp"},"imageUris":[],"additionalUris":[]},"createdTime":"0001-01-01T00:00:00Z","lastModifiedTime":"0001-01-01T00:00:00Z","sharedGroupsCount":0,"sharedUsersCount":0,"connectionReferences":{"c73091a6-0b9a-4243-a446-c0b5c83f3e54":{"id":"360dc2f6-cfb5-4c4b-a21c-629501fe633c","displayName":"Office 365 Users","iconUri":"https://connectoricons-prod.azureedge.net/u/henryorsborn/partial-builds/asev3migrations-with-resourceTemplate/1.0.1653.3403/office365users/icon.png","dataSources":["Office365Users"],"dependencies":[],"dependents":[],"parameterHints":{},"parameterHintsV2":{},"isOnPremiseConnection":false,"bypassConsent":false,"dataSets":{},"apiTier":"Standard","isCustomApiConnection":false,"actions":["MyProfile_V2"]},"00e041a0-6d8f-4e08-a117-ab059ea89bd5":{"id":"47df48b5-ee05-42c5-a39e-0e8ea798592b","displayName":"Logic flows","iconUri":"https://connectoricons-prod.azureedge.net/releases/v1.0.1653/1.0.1653.3403/logicflows/icon.png","dataSources":["ExportFile"],"dependencies":["5593e25a-25ed-4615-863b-a0a3e5cee9a6"],"dependents":[],"parameterHints":{"workflowName":{"value":"dc8a1f73-6d11-45ef-9936-1e50fba6c77d"},"workflowEntityId":{},"5593e25a-25ed-4615-863b-a0a3e5cee9a6":{"value":"shared_onedriveforbusiness"}},"parameterHintsV2":{"workflowName":{"value":"dc8a1f73-6d11-45ef-9936-1e50fba6c77d"},"workflowEntityId":{},"shared_onedriveforbusiness":{"value":"5593e25a-25ed-4615-863b-a0a3e5cee9a6"}},"isOnPremiseConnection":false,"bypassConsent":false,"dataSets":{},"apiTier":"Standard","isCustomApiConnection":false,"actions":["Run"]},"5593e25a-25ed-4615-863b-a0a3e5cee9a6":{"id":"d39770ec-bf12-4e51-a1e9-300320d576f0","displayName":"OneDrive for Business","iconUri":"https://connectoricons-prod.azureedge.net/releases/v1.0.1656/1.0.1656.3432/onedriveforbusiness/icon.png","dataSources":[],"dependencies":[],"dependents":["00e041a0-6d8f-4e08-a117-ab059ea89bd5"],"parameterHints":{},"parameterHintsV2":{},"isOnPremiseConnection":false,"bypassConsent":false,"dataSets":{},"apiTier":"Standard","isCustomApiConnection":false}},"databaseReferences":{"default.cds":{"databaseDetails":{"referenceType":"Environmental","environmentName":"default.cds","overrideValues":{"status":"NotSpecified"}},"dataSources":{"Flows":{"entitySetName":"admin_flows","logicalName":"admin_flow"},"PowerApps Apps":{"entitySetName":"admin_apps","logicalName":"admin_app"},"Users":{"entitySetName":"systemusers","logicalName":"systemuser"},"Makers":{"entitySetName":"admin_makers","logicalName":"admin_maker"}},"actions":["providers/PowerPlatform.Governance/Operations/Read"]}},"almMode":"Environment","performanceOptimizationEnabled":true,"canConsumeAppPass":true,"enableModernRuntimeMode":false,"executionRestrictions":{"isTeamsOnly":false,"dataLossPreventionEvaluationResult":{"status":"Compliant","lastEvaluationDate":"2023-09-22T22:45:58.0544674Z","violations":[],"violationsByPolicy":[],"violationErrorMessage":"The app uses the following connectors: ."}}},"appType":"ClassicCanvasApp","appComponents":[]}}